,coords,hashtags,media,text,url,x,y
0,"[[[-74.026675, 40.683935], [-74.026675, 40.877483], [-73.910408, 40.877483], [-73.910408, 40.683935]]]","['whoopsie', 'home']",['http://pbs.twimg.com/media/DHoDMLHXUAArGjv.jpg'],Really hope that Kim/Stephen S get their bags since I have their ticket in NYC. Lil far from Calgary eh @WestJet  @AirCanada #whoopsie #home https://t.co/yeGIOgGyXK,https://t.co/q26YzWiJzE,-73.9685415,40.780709
0,"[[[-124.482003, 32.528832], [-124.482003, 42.009519], [-114.131212, 42.009519], [-114.131212, 32.528832]]]",[],['http://pbs.twimg.com/media/DHoDAb0UMAEFcXZ.jpg'],@tribelaw well the Boston Police  AND  Steve Bannon are TOUGH &amp; SMART.....so many words....trump knows so many words.... https://t.co/19JpBAT0Yo,https://t.co/pmaYdoic1n,-119.30660750000001,37.2691755
0,"[[[-75.563587, 38.788657], [-75.563587, 41.357424], [-73.88506, 41.357424], [-73.88506, 38.788657]]]",[],['http://pbs.twimg.com/media/DHoDVdBXkAMaiZB.jpg'],"If your case for keeping confederate statues is ""Jim Crow wasn't as bad a liberalism,"" it's...not a very good case
https://t.co/5HPsd7M40Q https://t.co/Hg7kuKuwDY",https://t.co/KYNhSKiIGD,-74.7243235,40.073040500000005
0,"[[[-122.018023, 36.964226], [-122.018023, 36.964226], [-122.018023, 36.964226], [-122.018023, 36.964226]]]",[],['http://pbs.twimg.com/media/DHoDXFZUMAAG-po.jpg'],I got him to smile! My heart is so full because of this boy @mooselopez63 and my husband @VuelvoHappy ! Want to bring our whole family here! https://t.co/oV5fxidq9K,https://t.co/VzgDZNcR9e,-122.018023,36.964226
0,"[[[-74.026675, 40.683935], [-74.026675, 40.877483], [-73.910408, 40.877483], [-73.910408, 40.683935]]]",['OSKFF17'],['http://pbs.twimg.com/ext_tw_video_thumb/899034519721738240/pu/img/UqtWvmZFH5cTux9P.jpg'],"Bring your bestie to @MetrographNYC for the screening of YES, MADAM tomorrow at 7pm  @SubwayCinema #OSKFF17 https://t.co/kSsbUk2myP https://t.co/uVUmUIbFld",https://t.co/yBFZZSCcre,-73.9685415,40.780709
0,"[[[-74.026675, 40.683935], [-74.026675, 40.877483], [-73.910408, 40.877483], [-73.910408, 40.683935]]]","['dragcon', 'dragconnyc', 'dragcon2017']",['http://pbs.twimg.com/media/DHoDeEoVoAAZtrO.jpg'],Who's ready for dragcon!!!!! Come br miss @theonlymadd booth to get you fixed in some amazing things!!! #dragcon #dragconnyc #dragcon2017 https://t.co/2s7fCNV9Qi,https://t.co/DL42kDHo4O,-73.9685415,40.780709
0,"[[[-73.962582, 40.541722], [-73.962582, 40.800037], [-73.699793, 40.800037], [-73.699793, 40.541722]]]",[],['http://pbs.twimg.com/media/DHoDusTWsAA7TR2.jpg'],I really haven't listened to anything other than Science Fiction since Thursday and that already seems like a lifetime ago https://t.co/9TnUWGE0L6,https://t.co/ZY2vuGE5Ly,-73.8311875,40.6708795
0,"[[[-122.412999, 37.766877], [-122.412999, 37.766877], [-122.412999, 37.766877], [-122.412999, 37.766877]]]",['ClearTheShelters'],['http://pbs.twimg.com/media/DHoD0bgUwAEItrI.jpg'],"Here's one of 25 happy families created today! Don't worry, we have plenty more critters waiting for you. #ClearTheShelters @nbcbayarea https://t.co/uiYf1C8IJg",https://t.co/NEVqO765cF,-122.412999,37.766877
0,"[[[-74.041878, 40.570842], [-74.041878, 40.739434], [-73.855673, 40.739434], [-73.855673, 40.570842]]]",['scuba'],['http://pbs.twimg.com/tweet_video_thumb/DHoDqWCUAAApFU-.jpg'],"@mfarca @lifesanattitude @JoJoDiamonds @DrBobbyS @suziday123 @bdckool @KKEntGroup @freetree64 @Amber777joy @nicottorres1 @always5star @MoMo_SanDiego @pismoeyedoc @steve_hamm5 @MarshallRTeague @CattMcCreary @Rockyourmessage @ThatsJusStupid @Ron_1943 @SimonettaLein @healthmediagal1 @DrDeniseMD @drjoyce_knudsen Your welcome Michael. Have a wonderful vacation. I'm going to the beach club, I need the pool &amp; a good swim. Enjoy the #scuba &amp; FunInTheSunüåû https://t.co/YJvO3YVxBy",https://t.co/3bm2Tc31KK,-73.9487755,40.655138
0,"[[[-74.041878, 40.570842], [-74.041878, 40.739434], [-73.855673, 40.739434], [-73.855673, 40.570842]]]",[],['http://pbs.twimg.com/tweet_video_thumb/DHoD9MKXgAMeEPb.jpg'],@tm00123 @realDonaldTrump @BreitbartNews General Kelly is running this show (babysitting trump). The minute he took on the COS position he honed in on bannon... https://t.co/UM6XHfiJwb,https://t.co/5FpoWNuDxw,-73.9487755,40.655138
0,"[[[-74.026675, 40.683935], [-74.026675, 40.877483], [-73.910408, 40.877483], [-73.910408, 40.683935]]]","['INTERSTATE58', 'familiaskateshop', 'familiaHQ', 'minneapolis', 'nempls']",['http://pbs.twimg.com/media/DHoECYuVwAADLTR.jpg'],üëÄ @sean_malto @nikesb #INTERSTATE58 tour @familiaHQ üì∏ David Broach @GirlSkateboards #familiaskateshop #familiaHQ #minneapolis #nempls https://t.co/iaMuuWZrZP,https://t.co/ElktNn0my4,-73.9685415,40.780709
0,"[[[-73.943567, 40.708381], [-73.943567, 40.708381], [-73.943567, 40.708381], [-73.943567, 40.708381]]]",['RBNY'],"['http://pbs.twimg.com/media/DHoEHGMXUAAxxzZ.jpg', 'http://pbs.twimg.com/media/DHoEHGNWsAAJP1g.jpg', 'http://pbs.twimg.com/media/DHoEHGNXcAEGLZ6.jpg', 'http://pbs.twimg.com/media/DHoEHGbXoAAkKSI.jpg']","Would #RBNY folks want to watch all remaining away games at @EmblemBK? 9/2 (9pm), 9/9 (4pm), 9/23 (7:30pm), 9/30 (7pm) &amp; 10/22 (4pm)?? https://t.co/GAI9MlipPV",https://t.co/zNjQMz5kaY,-73.943567,40.708381
0,"[-122.1802812, 37.3813444]","['hiring', 'Healthcare', 'PaloAlto', 'Job']",['http://pbs.twimg.com/media/DHoEJB_VYAEpb2o.jpg'],"We're #hiring! Click to apply: Patient Access Representative IV - (1.0 FTE, Days) - https://t.co/PC3hRQmr5K #Healthcare #PaloAlto, CA #Job https://t.co/s97qJQ89Wz",https://t.co/PC3hRQmr5K,-122.1802812,37.3813444
0,"[[[-121.859318, 37.249071], [-121.859318, 37.249071], [-121.859318, 37.249071], [-121.859318, 37.249071]]]",['layoverincalifornia'],['http://pbs.twimg.com/media/DHoEHEUU0AEFUsr.jpg'],"Of this I'm sure-There will be unlimited, calorie-free, animal style, kosher @inandoutburger in heaven-paid for in full #layoverincalifornia https://t.co/bdqNgcbfF6",https://t.co/NbX1Dghl3G,-121.859318,37.249071
0,"[[[-74.026675, 40.683935], [-74.026675, 40.877483], [-73.910408, 40.877483], [-73.910408, 40.683935]]]",[],['http://pbs.twimg.com/media/DHoECjaUAAABEm_.jpg'],copiei minha namorada @clarinhanakin a √∫nica diferen√ßa √© que a minha foto ficou uma bosta e a dela t√° perfeita e ela t√° linda klkjlkkjkkk https://t.co/0DEKXo7wTJ,https://t.co/mcifPNGRaW,-73.9685415,40.780709
0,"[[[-73.962582, 40.541722], [-73.962582, 40.800037], [-73.699793, 40.800037], [-73.699793, 40.541722]]]",[],['http://pbs.twimg.com/media/DHoEOdgXcAApDQA.jpg'],"Feliz sue√±os blancos para todos los madridistas‚ù§‚öòma√±ana es mejor.juega el m√°s glorioso del f√∫tbol. 
Hala Madrid 12‚ù§ü•Ç‚öòy nada mas‚ù§üç∑ https://t.co/a3DKdWEuxU",https://t.co/w9hVYxIGRG,-73.8311875,40.6708795
0,"[[[-122.514926, 37.708075], [-122.514926, 37.833238], [-122.357031, 37.833238], [-122.357031, 37.708075]]]","['OMASCO', 'OMAngers', 'TeamOM']",['http://pbs.twimg.com/media/DHoERE1U0AEX0Ln.jpg'],"Compo souhait√©e pour #OMASCO #OMAngers pour faire tourner apres Domzale. 

Amavi va faire du bien ! 

Qu'en pensez-vous ? #TeamOM https://t.co/zGn8ovtg5c",https://t.co/GhCr1TmUz5,-122.4359785,37.7706565
0,"[[[-124.482003, 32.528832], [-124.482003, 42.009519], [-114.131212, 42.009519], [-114.131212, 32.528832]]]",[],['http://pbs.twimg.com/media/DHoER37U0AA53nX.jpg'],"This gives me hope...not at that guy's rancid thoughts of using napalm, but at the positive response to the other guy. https://t.co/kL6WVZiAps",https://t.co/gZt2XiOOye,-119.30660750000001,37.2691755
0,"[[[-122.005597, 37.322943], [-122.005597, 37.419037], [-121.930045, 37.419037], [-121.930045, 37.322943]]]",[],['http://pbs.twimg.com/media/DHoER8_U0AAkn7h.jpg'],The woman behind all gameday entertainment @LevisStadium @LauraKJohnson. HUGE shoutout to her for keeping us in order üëäüèªüí™üèª https://t.co/rN6G12VBV7,https://t.co/uR5KXsF9tI,-121.967821,37.370990000000006
0,"[[[-74.041878, 40.570842], [-74.041878, 40.739434], [-73.855673, 40.739434], [-73.855673, 40.570842]]]",[],['http://pbs.twimg.com/tweet_video_thumb/DHoEUDfVYAE6IXT.jpg'],people think it's funny to put on my sunglasses when they have big ass heads !! now ur big head havin ass owes me new glasses https://t.co/eY98FKRAg3,https://t.co/qNoluZz3di,-73.9487755,40.655138
0,"[[[-74.026675, 40.683935], [-74.026675, 40.877483], [-73.910408, 40.877483], [-73.910408, 40.683935]]]",[],['http://pbs.twimg.com/media/DHoEV7KXYAAHpPs.jpg'],Sometimes you're given beautiful peonies that will NEVER die at stagedoor &amp; u take pic immediately cause...so gorgeous! Thx @Gay4Bway üìÑ=‚ù§Ô∏è https://t.co/F2r2glY7Bu,https://t.co/fT4CVzmvdK,-73.9685415,40.780709
0,"[[[-75.563587, 38.788657], [-75.563587, 41.357424], [-73.88506, 41.357424], [-73.88506, 38.788657]]]","['NationalAviationDay', 'aviation', 'avgeek', 'Travel', 'Marketing', 'photography', 'flying', 'VIP', 'Pilot', 'sunset', 'consulting', 'nj']","['http://pbs.twimg.com/media/DHoEATBXcAYiLu2.jpg', 'http://pbs.twimg.com/media/DHoECs7WsAArHMv.jpg']",Happy #NationalAviationDay to our followers! #aviation #avgeek #Travel #Marketing #photography #flying #VIP #Pilot #sunset #consulting #nj https://t.co/AheBgjTfnO,https://t.co/kNGABH7Fcq,-74.7243235,40.073040500000005
0,"[-122.1802812, 37.3813444]","['job', 'IT', 'PaloAlto', 'Hiring']",['http://pbs.twimg.com/media/DHoEg7TV0AAlAag.jpg'],"Join the Lucile Packard Children‚Äôs Hospit... team! See our latest #job opening here: https://t.co/9a4j7DtGpA #IT #PaloAlto, CA #Hiring https://t.co/OlScnxKtwU",https://t.co/9a4j7DtGpA,-122.1802812,37.3813444
0,"[[[-74.026675, 40.683935], [-74.026675, 40.877483], [-73.910408, 40.877483], [-73.910408, 40.683935]]]","['CastParty', 'NYC', 'amazing', 'davekozlive']","['http://pbs.twimg.com/media/DHoEh0FUwAEA6Pg.jpg', 'http://pbs.twimg.com/media/DHoEh0FVYAAu1TW.jpg']",Sexy Sax Man Dave Koz at Jim Caruso's #CastParty  @birdlandjazz #NYC @JimCaruso1 @DaveKozMusic #amazing #davekozlive ‚ù§Ô∏è https://t.co/Pagpgc7Hik,https://t.co/RxlX9YmyUa,-73.9685415,40.780709
0,"[[[-73.962582, 40.541722], [-73.962582, 40.800037], [-73.699793, 40.800037], [-73.699793, 40.541722]]]",[],"['http://pbs.twimg.com/media/DHoEfhkXYAEDqtX.jpg', 'http://pbs.twimg.com/media/DHoEilGWsAIJ_CW.jpg']","People like Nancy Pelosi &amp; MSM who continue to fan the flames of Hate are a  clear &amp; present danger to our Democracy They must be
defeated https://t.co/YmKvXmmShP",https://t.co/sERwbPGbwQ,-73.8311875,40.6708795
0,"[[[-73.993499, 40.750516], [-73.993499, 40.750516], [-73.993499, 40.750516], [-73.993499, 40.750516]]]",[],['http://pbs.twimg.com/media/DHoEnRjUAAArvLM.jpg'],Non-accessible view from my Wheelchair Accessible seats for @LionelRichie tonight at @TheGarden. I've been waiting my entire life to see him https://t.co/RxbTTGSq8v,https://t.co/4z6WEGiM8f,-73.993499,40.750516
0,"[[[-121.997026, 37.205924], [-121.997026, 37.265466], [-121.905719, 37.265466], [-121.905719, 37.205924]]]",['Pedantry'],['http://pbs.twimg.com/media/DHoEp9QU0AA9xcT.jpg'],"@KeithLeBlanc63 @eurorabbit @realDonaldTrump The only thing ""agitating"" here, is that there's only 11 words, and it ought be ""FAMILIES"".  #Pedantry https://t.co/68mh5Aouil",https://t.co/HTHpDxM7pg,-121.95137249999999,37.23569500000001
0,"[[[-122.514926, 37.708075], [-122.514926, 37.833238], [-122.357031, 37.833238], [-122.357031, 37.708075]]]",[],['http://pbs.twimg.com/media/DHoE2qVUwAA17q7.jpg'],"@HuffPostPol Mr Trump has nothing to apologize for.  Obama is the apologizer.
Remember when Obama went to Cairo to apologize to the Muslims fro america? https://t.co/L0Gd4Zsf1i",https://t.co/WhTKfCbGxV,-122.4359785,37.7706565
0,"[[[-74.026675, 40.683935], [-74.026675, 40.877483], [-73.910408, 40.877483], [-73.910408, 40.683935]]]","['blackpower', 'backstage', 'nyc', 'NY']",['http://pbs.twimg.com/media/DHoFGoUXcAMwnmq.jpg'],"It would be easy to look like Kim Kardashian If I had a stylist, fitness trainer, editor &amp; make up artist #blackpower üåª #backstage #nyc #NY https://t.co/ezZo3K0WfK",https://t.co/39K6S5elFY,-73.9685415,40.780709
0,"[[[-74.026675, 40.683935], [-74.026675, 40.877483], [-73.910408, 40.877483], [-73.910408, 40.683935]]]",[],['http://pbs.twimg.com/tweet_video_thumb/DHoFM-NXgAAyKL1.jpg'],I blackout watched the leaked episode of GOT last night and posted about sobbing on Facebook. Woke up to so many concerned texts https://t.co/foXHc1SUxc,https://t.co/FxjpKbg9Eb,-73.9685415,40.780709
0,"[[[-75.563587, 38.788657], [-75.563587, 41.357424], [-73.88506, 41.357424], [-73.88506, 38.788657]]]",['Brutality'],['http://pbs.twimg.com/media/DHoE46bXYAAA_ZW.jpg'],At #Brutality @OHareScare picked up the biggest win of his career pinning Danny Havoc. He looks to keep the momentum going October 20th! https://t.co/andHTATxAe,https://t.co/Eyv7500w3Z,-74.7243235,40.073040500000005
0,"[[[-122.005597, 37.322943], [-122.005597, 37.419037], [-121.930045, 37.419037], [-121.930045, 37.322943]]]",[],['http://pbs.twimg.com/media/DHoFU53UAAAeJLo.jpg'],"1st gameday together was August 2002. 15 years later still hanging w @AronKennedy49, Exec Prod of gameday &amp; simply the best in the @NFL https://t.co/TBieOtAXeF",https://t.co/BdLxOpx9cv,-121.967821,37.370990000000006
0,"[[[-122.514926, 37.708075], [-122.514926, 37.833238], [-122.357031, 37.833238], [-122.357031, 37.708075]]]",[],"['http://pbs.twimg.com/media/DHoFDwYUQAAD2Vt.jpg', 'http://pbs.twimg.com/media/DHoFDwaV0AEw1gE.jpg']","On their product page, I wonder if they are really saying this with a straight face. Where was Sony in the past 7 years in deep learning? üòÇ https://t.co/yrGVLK7QZt",https://t.co/5LVkTOidlE,-122.4359785,37.7706565
0,"[[[-73.845918, 40.786481], [-73.845918, 40.786481], [-73.845918, 40.786481], [-73.845918, 40.786481]]]","['solareclipse2017', 'NYC', 'PoppenhusenLibrary', 'CollegePoint', 'gethype']",['http://pbs.twimg.com/media/DHoFYZVXkAAKmRv.jpg'],"Weather looks good for #solareclipse2017, #NYC! Come to #PoppenhusenLibrary for all the festivities! #CollegePoint #gethype https://t.co/vJ4rKq8ty0",https://t.co/KwqoSJP9aX,-73.845918,40.786481
0,"[[[-73.962582, 40.541722], [-73.962582, 40.800037], [-73.699793, 40.800037], [-73.699793, 40.541722]]]",[],['http://pbs.twimg.com/media/DHoFSNCVwAA_xdV.jpg'],Celebrating with friends and Mom World üåé Humanitarian Day and enjoying organic peaches üçë right from my Peace and Forgiveness Garden üåà https://t.co/myeFQXm9wk,https://t.co/iQilfd6Dky,-73.8311875,40.6708795
0,"[[[-74.026675, 40.683935], [-74.026675, 40.877483], [-73.910408, 40.877483], [-73.910408, 40.683935]]]",[],['http://pbs.twimg.com/tweet_video_thumb/DHoFMNIW0AIPcih.jpg'],@Gina_Genuine @CofE_Resisting No. Heather Heyer's life is over.He is getting just what he deserves. That is a win for us.  Bye.Good luck finding any place to live or work https://t.co/xJ7jEClsVy,https://t.co/e67YeJJ6QK,-73.9685415,40.780709
0,"[[[-74.026675, 40.683935], [-74.026675, 40.877483], [-73.910408, 40.877483], [-73.910408, 40.683935]]]",['MicrosoftNYC'],['http://pbs.twimg.com/media/DHoF-RqWAAQqzW1.jpg'],"Live in 20 minutes, casting the @EsportsGears Pro Points Tournament with @GuyBlazeLive at #MicrosoftNYC  https://t.co/9rWgR9LmgS https://t.co/TFH5SNWugc",https://t.co/aLUycZ8oMJ,-73.9685415,40.780709
0,"[[[-122.035311, 37.193164], [-122.035311, 37.469154], [-121.71215, 37.469154], [-121.71215, 37.193164]]]",[],"['http://pbs.twimg.com/media/DHoGMJDVoAAgnH6.jpg', 'http://pbs.twimg.com/media/DHoGMJGUAAEvsYB.jpg', 'http://pbs.twimg.com/media/DHoGMJCUIAA_pvl.jpg', 'http://pbs.twimg.com/media/DHoGMJDVoAEnA-L.jpg']",@laurahollis61 @PGutierrez630 So very sadüòîGod Bless these precious officers and ask that we all pray for their families who's hearts are in shambles üíîüò¢.@realDonaldTrump https://t.co/zJS9cAeoAL,https://t.co/uufSetF01n,-121.8737305,37.331159
0,"[[[-122.005597, 37.322943], [-122.005597, 37.419037], [-121.930045, 37.419037], [-121.930045, 37.322943]]]",['4Broncos'],"['http://pbs.twimg.com/media/DHoGN3VVoAEGp9K.jpg', 'http://pbs.twimg.com/media/DHoGN3VUAAAmoTW.jpg']","Pre-game workout group (so not playing) includes V. Miller, B. Marshall, T. Davis, E Sanders, C. Latimer and M. Paradis. #4Broncos https://t.co/rHRRM5HmTR",https://t.co/YWiL94cAN0,-121.967821,37.370990000000006
0,"[[[-122.191291, 37.406339], [-122.191291, 37.443731], [-122.149162, 37.443731], [-122.149162, 37.406339]]]",[],['http://pbs.twimg.com/media/DHoFgPnUQAAEbj6.jpg'],"The clinic of the future with @jdudley  - awesome new podcast https://t.co/W97NSXOqHG 
quote ""most people are not Mike Snyder"" https://t.co/wfyASNG9G6",https://t.co/W97NSXOqHG,-122.1702265,37.425035
0,"[[[-122.514926, 37.708075], [-122.514926, 37.833238], [-122.357031, 37.833238], [-122.357031, 37.708075]]]",[],['http://pbs.twimg.com/media/DHoGVJFV0AEAF2V.jpg'],"My grindr went off in my Uber pool and the women in front of me said, ""I recognize that sound. My husband plays that game all the time!"" https://t.co/jhgWEBnWZ2",https://t.co/GZy4ld7Ye0,-122.4359785,37.7706565
0,"[[[-122.514926, 37.708075], [-122.514926, 37.833238], [-122.357031, 37.833238], [-122.357031, 37.708075]]]","['chai', 'chailatte', 'blog', 'foodblog']",['http://pbs.twimg.com/media/DHoGhMkV0AENb_A.jpg'],"On this side of the planet, it's bit chilly, I needed a chai latte #chai #chailatte #blog #foodblog https://t.co/gGWytqEgc4 https://t.co/IsN14t3C9r",https://t.co/eJnReu9lCt,-122.4359785,37.7706565
0,"[[[-74.026675, 40.683935], [-74.026675, 40.877483], [-73.910408, 40.877483], [-73.910408, 40.683935]]]","['EP', 'fatflyfreddielee', 'newmusic', 'ep', 'rt', 'rnb', 'radio', 'internetradio']",['http://pbs.twimg.com/media/DHoGkxDW0AIm9MM.jpg'],40 Days // 9‚Ä¢28‚Ä¢17 New #EP  Soon you'll understand. @JEYEmusic  #fatflyfreddielee link in bio #newmusic #ep #rt #rnb #radio #internetradio https://t.co/w4D5LSn5l3,https://t.co/nqO2Dd1i3h,-73.9685415,40.780709
0,"[[[-73.48709, 40.647199], [-73.48709, 40.692953], [-73.454806, 40.692953], [-73.454806, 40.647199]]]",['PBS'],['http://pbs.twimg.com/media/DHoGrjpXoAA72zK.jpg'],#PBS looks to repeat &amp; defend its Nassau title Monday night @ Mitchell Field #1 VS the Rockford Peaches. Come support &amp; witness history! https://t.co/WqBicm79BQ,https://t.co/4HiWuY8qZD,-73.470948,40.670076
0,"[[[-74.041878, 40.570842], [-74.041878, 40.739434], [-73.855673, 40.739434], [-73.855673, 40.570842]]]",[],['http://pbs.twimg.com/tweet_video_thumb/DHoGrxLUMAAPQRQ.jpg'],@Omgibrahimsaleh @omgAdamSaleh He actually has nice hair. White people pay thousands for his type of hair. Make that schmunayüíµAbe. LOL üòÇü§£üíàüíáüèª‚Äç‚ôÇÔ∏èüåü‚ö°Ô∏èüåû https://t.co/VZ4Y2u7RN3,https://t.co/iXyAJbZwLF,-73.9487755,40.655138
0,"[[[-73.972363, 40.713565], [-73.972363, 40.713565], [-73.972363, 40.713565], [-73.972363, 40.713565]]]","['NYC', 'travel']",['http://pbs.twimg.com/media/DHoG0UjUwAAkz9N.jpg'],Williamsburg Bridge waterfront. Far less polished than Hudson side but I like it better. More of that old school #NYC charm! #travel https://t.co/51FJI1CbXH,https://t.co/iYu1gqI7Gn,-73.972363,40.713565
0,"[[[-74.041878, 40.570842], [-74.041878, 40.739434], [-73.855673, 40.739434], [-73.855673, 40.570842]]]","['eclipse1979', 'eclipse2017']",['http://pbs.twimg.com/media/DHoG3NjU0AE5WB-.jpg'],"Last one (1979), I was only a few months... can't look back to my feed to remember whether or not I looked at it.  #eclipse1979 #eclipse2017 https://t.co/8sAVj9tk84",https://t.co/ixKJ84GJSx,-73.9487755,40.655138
0,"[[[-73.48709, 40.647199], [-73.48709, 40.692953], [-73.454806, 40.692953], [-73.454806, 40.647199]]]",['PBS'],['http://pbs.twimg.com/media/DHoG6yXXsAQshNR.jpg'],#PBS looks to defend &amp; repeat its Nassau title Monday night @ Mitchell Field #1 VS the Rockford Peaches. Come support &amp; witness history! https://t.co/vwFJUOJKuW,https://t.co/5Imb8C8SFS,-73.470948,40.670076
0,"[[[-73.962582, 40.541722], [-73.962582, 40.800037], [-73.699793, 40.800037], [-73.699793, 40.541722]]]","['CertifiedSaturdays', 'LadiesNight']",['http://pbs.twimg.com/media/DHoG8C4WAAEErOU.jpg'],#CertifiedSaturdays @Katralounge @DjCalliB @djmagickenny @NiteTables @pquilter1972 #LadiesNight @Katra1507 @nyccompton https://t.co/AMS56rV4r3,https://t.co/uXTiOnec4x,-73.8311875,40.6708795
0,"[[[-74.041878, 40.570842], [-74.041878, 40.739434], [-73.855673, 40.739434], [-73.855673, 40.570842]]]","['together', 'Friends']",['http://pbs.twimg.com/tweet_video_thumb/DHoG4f5UIAAOJgt.jpg'],@Suzy_Henderson @abiwriting @asueoffenbacker @jlints58 @Ajmarkstahler @ojbarreauthor @schristodoulou2 @agiblin95 @LexiIsAWriter @leximilesbooks @K_Kibbee @TABratcher @geophf @G_Dolman @GaiaBAmman @Alex_Micati @ramblingsloa You're welcome Suzy ü§óüòä‚ù§Ô∏è‚ù§Ô∏èüåªsame to and everyone! #together #Friends üìñ‚úçÔ∏èüìöüé∂ https://t.co/P6JIg8QaDR,https://t.co/drRMEWN1It,-73.9487755,40.655138
0,"[[[-74.026675, 40.683935], [-74.026675, 40.877483], [-73.910408, 40.877483], [-73.910408, 40.683935]]]","['WWE', 'NXT', 'Takeover', 'Summerslam', 'WWENYC']",['http://pbs.twimg.com/media/DHoG-8_XsAEDOz5.jpg'],"We are all set for our #WWE Events this weekend!

Tonight: #NXT #Takeover III
Tomorrow: #Summerslam 

No cover for either. Join us! #WWENYC https://t.co/hJmi5wsKJX",https://t.co/aXIISPCAg9,-73.9685415,40.780709
0,"[[[-73.962582, 40.541722], [-73.962582, 40.800037], [-73.699793, 40.800037], [-73.699793, 40.541722]]]","['CertifiedSaturdays', 'LadiesNight']",['http://pbs.twimg.com/media/DHoHBVRXYAEFZZy.jpg'],#CertifiedSaturdays @Katralounge @DjCalliB @djmagickenny @NiteTables @pquilter1972 #LadiesNight @Katra1507 @nyccompton https://t.co/3XyNQYtBuC,https://t.co/1vsz1rEJPJ,-73.8311875,40.6708795
0,"[[[-124.482003, 32.528832], [-124.482003, 42.009519], [-114.131212, 42.009519], [-114.131212, 32.528832]]]",[],['http://pbs.twimg.com/media/DHoHCZiUAAAC4AP.jpg'],"White supremacists believe that their genetics are inherently superior. On that note, note this @AsteadWH excerpt. https://t.co/7mmpldHMee https://t.co/MtlVakveMz",https://t.co/hVeJjMwaNY,-119.30660750000001,37.2691755
0,"[[[-74.026675, 40.683935], [-74.026675, 40.877483], [-73.910408, 40.877483], [-73.910408, 40.683935]]]","['NYC', 'travel']",['http://pbs.twimg.com/media/DHoHBp_VoAAN5e9.jpg'],Williamsburg Bridge waterfront. Far less polished than Hudson side but I like it better. More of that old school #NYC grit &amp; charm! #travel https://t.co/YQyM8q0lZh,https://t.co/wkbKwAiWn0,-73.9685415,40.780709
0,"[[[-73.962582, 40.541722], [-73.962582, 40.800037], [-73.699793, 40.800037], [-73.699793, 40.541722]]]","['CertifiedSaturdays', 'LadiesNight']",['http://pbs.twimg.com/media/DHoHELaWAAAnINg.jpg'],#CertifiedSaturdays @Katralounge @DjCalliB @djmagickenny @NiteTables @pquilter1972 #LadiesNight @Katra1507 @nyccompton https://t.co/7Jff5ax5yJ,https://t.co/FJTgTOU1QD,-73.8311875,40.6708795
0,"[[[-73.962582, 40.541722], [-73.962582, 40.800037], [-73.699793, 40.800037], [-73.699793, 40.541722]]]","['CertifiedSaturdays', 'LadiesNight']",['http://pbs.twimg.com/media/DHoHHF5XUAAciL_.jpg'],#CertifiedSaturdays @Katralounge @DjCalliB @djmagickenny @NiteTables @pquilter1972 #LadiesNight @Katra1507 @nyccompton https://t.co/vJxKGYR2h3,https://t.co/1QpekBHntE,-73.8311875,40.6708795
0,"[-122.1802812, 37.3813444]","['hiring', 'PaloAlto', 'Healthcare']",['http://pbs.twimg.com/media/DHoHTbzU0AAZZrY.jpg'],"Want to work at Lucile Packard Children‚Äôs Hospit...? We're #hiring in #PaloAlto, CA! Click for details: https://t.co/F8DFPpFVWE #Healthcare https://t.co/DyuaekPUBt",https://t.co/t8Zt00mdmn,-122.1802812,37.3813444
0,"[[[-74.255641, 40.495865], [-74.255641, 40.91533], [-73.699793, 40.91533], [-73.699793, 40.495865]]]",[],['http://pbs.twimg.com/tweet_video_thumb/DHoHaU7UIAEEn04.jpg'],@maestrocanada @Toure @CNN @CNNPolitics @HollyYanCNN thinks dick spencer is a White Rights activist? I bet you you thinks the KKK is also a social pub if she moves words around üòâ https://t.co/VsxRqAapf7,https://t.co/rVAcYC1Wfb,-73.977717,40.705597499999996
0,"[[[-74.041878, 40.570842], [-74.041878, 40.739434], [-73.855673, 40.739434], [-73.855673, 40.570842]]]",[],['http://pbs.twimg.com/media/DHoHb3mXcAAQIJc.jpg'],"uh you can report on this without pretending ""nationalists vs globalists"" isn't delusional babble https://t.co/j21TRbFyGj https://t.co/2X6MDGVa4r",https://t.co/aF6qvuCsBk,-73.9487755,40.655138
0,"[[[-122.28205, 37.454369], [-122.28205, 37.477822], [-122.255485, 37.477822], [-122.255485, 37.454369]]]",['DesiXKaty'],['http://pbs.twimg.com/tweet_video_thumb/DHoHcCWUAAAQhFr.jpg'],When u miss the delivery time that your #DesiXKaty was attempted to deliver so now u are driving around looking for the mail man..pray 4 me https://t.co/dhLWTgVHUV,https://t.co/gznTm1pazT,-122.2687675,37.4660955
